761,981,1671,true,
1,571,5131,true,
451,571,396,true,
31,571,1110,true,
571,1,24577,true,
1,871,1318,true,
871,8761,4,true,
8761,871,3,true,
8761,1,1057,true,
1,3391,87,true,
3391,1,83,true,
1,1,21279,true,
571,51,5374,true,
51,571,5625,true,
51,551,39,true,
551,51,43,true,
1,761,10639,true,
1,371,3948,true,
1,971,4931,true,
571,81,1656,true,
1,661,2828,true,
571,61,887,true,
571,71,914,true,
571,371,602,true,
571,91,1237,true,
571,561,589,true,
571,981,217,true,
571,381,342,true,
1,681,2380,true,
1,491,6483,true,
571,481,916,true,
571,651,371,true,
571,671,437,true,
571,31,1231,true,
571,761,448,true,
571,891,482,true,
571,751,336,true,
571,351,206,true,
71,51,1716,true,
571,661,1042,true,
51,5551,17,true,
5551,51,17,true,
571,6931,161,true,
571,941,123,true,
1,61,10533,true,
571,41,598,true,
1,71,14757,true,
31,1,29768,true,
571,491,249,true,
571,341,558,true,
571,971,118,true,
571,791,310,true,
1,381,3327,true,
71,751,7476,true,
371,1,24819,true,
561,51,2056,true,
91,571,286,true,
571,451,596,true,
341,571,655,true,
41,491,443,true,
571,681,184,true,
51,561,2279,true,
1,6661,58,true,
681,571,157,true,
571,9971,30,true,
561,5661,34,true,
5661,561,32,true,
561,571,599,true,
61,6361,63,true,
6361,7351,272,true,
7351,71,182,true,
71,781,960,true,
491,481,2836,true,
1,31,14149,true,
31,31,640,true,
1,91,11862,true,
51,5381,14,true,
5381,51,15,true,
1,691,1273,true,
971,981,3917,true,
1,81,10490,true,
571,7591,115,true,
1,41,8248,true,
1,51,8228,true,
1,481,11410,true,
91,941,849,true,
1,351,3125,true,
351,1,9063,true,
1,651,3793,true,
81,571,189,true,
1,6931,1424,true,
751,571,206,true,
571,951,2,true,
571,9571,1,true,
761,791,6421,true,
571,3761,2,true,
661,571,988,true,
61,571,495,true,
571,331,6,true,
1,4971,59,true,
661,6681,38,true,
6681,661,25,true,
661,671,1265,true,
671,571,417,true,
1,891,4259,true,
1,3351,292,true,
3351,1,215,true,
1,671,3518,true,
1,7591,1206,true,
51,6931,321,true,
6931,561,23,true,
1,6881,101,true,
61,71,2366,true,
561,981,97,true,
41,571,632,true,
1,3371,116,true,
3371,1,109,true,
761,571,273,true,
61,6471,44,true,
6471,61,41,true,
891,571,366,true,
71,571,894,true,
681,7591,56,true,
651,6571,73,true,
6571,651,51,true,
651,571,309,true,
791,571,349,true,
561,5691,28,true,
5691,561,27,true,
61,6381,13,true,
6381,61,13,true,
341,5961,1,true,
571,9671,3,true,
571,391,90,true,
1,341,3649,true,
51,941,291,true,
481,571,596,true,
791,661,191,true,
661,791,234,true,
371,571,715,true,
1,391,1003,true,
571,3351,1,true,
3371,571,1,true,
41,661,411,true,
51,61,1849,true,
1,7391,48,true,
1,3761,184,true,
3761,1,216,true,
1,771,61,true,
981,9861,50,true,
9861,971,21,true,
481,1,29697,true,
1,4461,41,true,
371,61,1920,true,
91,1,9592,true,
1,981,950,true,
571,851,1,true,
7591,571,67,true,
561,761,153,true,
1,8761,37,true,
571,3971,5,true,
91,9671,19,true,
9671,571,1,true,
651,6931,404,true,
1,4391,63,true,
571,961,4,true,
661,6691,24,true,
6691,661,19,true,
81,91,677,true,
71,1,50695,true,
341,41,1286,true,
5971,661,1,true,
41,4391,28,true,
4391,1,1,true,
761,891,1857,true,
5961,1,1,true,
61,63731,9,true,
63731,61,9,true,
51,1,47116,true,
1,331,319,true,
331,1,288,true,
571,3981,8,true,
1,5951,14,true,
661,5951,1,true,
5951,6671,1,true,
941,5951,1,true,
5951,941,1,true,
371,5951,1,true,
481,491,2091,true,
91,751,168,true,
81,751,243,true,
571,871,3,true,
331,5951,1,true,
51,5951,2,true,
3351,5951,2,true,
3391,5951,1,true,
5951,81,1,true,
5951,1,1,true,
891,8991,6,true,
8991,5951,1,true,
81,41,254,true,
571,6631,1,true,
1,6861,57,true,
61,761,580,true,
5951,51,2,true,
551,5951,1,true,
671,5951,2,true,
61,6461,67,true,
6461,5951,1,true,
761,781,179,true,
781,5951,1,true,
61,5951,2,true,
981,5951,1,true,
81,5951,1,true,
891,5951,1,true,
6361,5951,1,true,
341,5951,1,true,
41,5951,1,true,
571,3671,1,true,
571,9471,4,true,
451,591,1,true,
1,591,13,true,
591,681,1,true,
591,661,2,true,
591,481,1,true,
591,61,3,true,
591,331,1,true,
31,591,2,true,
671,591,1,true,
591,671,1,true,
591,71,1,true,
591,1,6,true,
591,51,3,true,
591,81,1,true,
81,61,973,true,
891,51,746,true,
761,81,2580,true,
491,941,1947,true,
91,561,109,true,
1,451,2588,true,
571,5951,38,true,
491,571,265,true,
571,75541,1,true,
81,5781,1,true,
571,691,1,true,
341,451,1080,true,
1,841,56,true,
681,6881,24,true,
6881,691,18,true,
691,1,3767,true,
491,1,15387,true,
41,4481,20,true,
4481,41,19,true,
1,561,2188,true,
561,1,11825,true,
51,91,2679,true,
341,51,1303,true,
51,5561,8,true,
5561,51,7,true,
391,1,6759,true,
91,51,604,true,
61,631,131,true,
631,61,78,true,
791,7951,18,true,
7951,791,27,true,
891,71,1481,true,
71,7491,20,true,
7491,71,20,true,
481,471,110,true,
471,481,64,true,
571,3391,5,true,
981,571,161,true,
341,31,1538,true,
31,341,1571,true,
81,1,14232,true,
571,5971,106,true,
5971,571,94,true,
81,71,1664,true,
481,41,1509,true,
891,81,3436,true,
491,41,493,true,
561,81,626,true,
761,391,57,true,
51,5351,23,true,
5351,51,23,true,
571,5881,15,true,
5881,571,12,true,
51,81,2959,true,
51,531,70,true,
531,51,76,true,
681,661,135,true,
661,41,716,true,
341,3441,80,true,
3441,341,73,true,
31,3331,57,true,
3331,31,52,true,
1,3971,39,true,
3971,1,29,true,
351,91,571,true,
41,4681,289,true,
51,541,15,true,
541,51,14,true,
661,31,896,true,
51,671,920,true,
591,31,1,true,
331,591,1,true,
781,7491,3,true,
51,971,294,true,
51,451,1417,true,
451,341,915,true,
61,81,3812,true,
571,8741,1,true,
61,1,29858,true,
5761,1,1,true,
91,791,318,true,
891,761,1599,true,
91,961,54,true,
961,91,31,true,
51,341,1236,true,
91,9691,21,true,
9691,91,9,true,
51,5441,17,true,
5441,51,17,true,
1,3591,92,true,
41,4441,13,true,
4441,41,14,true,
481,381,523,true,
91,971,914,true,
51,751,602,true,
581,1,3,true,
651,661,1201,true,
71,7391,22,true,
7391,71,23,true,
71,81,8205,true,
71,74341,12,true,
74341,71,10,true,
971,91,2209,true,
491,891,386,true,
971,71,191,true,
651,6591,22,true,
6591,651,16,true,
651,1,14047,true,
1,9351,4,true,
481,7351,22,true,
7351,481,21,true,
571,471,4,true,
571,9561,1,true,
31,661,760,true,
891,8961,33,true,
8961,891,33,true,
571,361,1,true,
571,5781,19,true,
5781,571,18,true,
1,851,66,true,
761,7861,26,true,
7861,761,28,true,
481,461,97,true,
461,481,79,true,
571,8481,1,true,
1,6651,9,true,
1,6681,24,true,
1,941,628,true,
51,5451,12,true,
5451,51,11,true,
751,7531,21,true,
7531,751,19,true,
6461,61,53,true,
9971,1,1779,true,
9671,91,19,true,
31,31638,156,true,
31638,91,5,true,
5771,1,1,true,
451,1,12381,true,
81,891,1421,true,
81,31,570,true,
81,761,1625,true,
81,381,1663,true,
381,61,1766,true,
81,791,303,true,
81,451,121,true,
451,81,634,true,
81,351,128,true,
351,481,566,true,
81,341,662,true,
81,681,215,true,
81,691,86,true,
341,561,362,true,
81,651,893,true,
651,671,1527,true,
81,671,271,true,
671,81,1291,true,
791,761,2724,true,
81,371,521,true,
61,661,305,true,
81,6931,127,true,
481,81,2338,true,
371,81,3080,true,
351,361,86,true,
361,1,4704,true,
751,81,1128,true,
691,81,450,true,
81,981,171,true,
981,81,725,true,
81,631,1,true,
81,481,442,true,
371,41,874,true,
81,941,53,true,
791,9971,111,true,
81,3761,27,true,
3761,81,29,true,
31,81,2813,true,
81,51,472,true,
81,8871,9,true,
8871,81,9,true,
791,751,721,true,
81,491,133,true,
61,381,1322,true,
381,81,2255,true,
791,81,1606,true,
91,81,1151,true,
791,91,1085,true,
851,1,26,true,
871,1,8911,true,
61,641,49,true,
641,61,56,true,
681,81,737,true,
81,971,140,true,
971,9771,7,true,
9771,1,535,true,
61,351,301,true,
751,71,7430,true,
61,64941,1,true,
64941,61,1,true,
81,6351,2,true,
6351,61,28,true,
9861,981,25,true,
61,6451,20,true,
6451,61,18,true,
41,81,1704,true,
791,1,13330,true,
81,331,6,true,
681,6861,20,true,
6861,81,168,true,
81,8891,10,true,
8891,81,9,true,
71,74861,4,true,
74861,71,3,true,
81,7591,436,true,
7591,81,792,true,
971,81,317,true,
81,771,42,true,
771,761,46,true,
81,661,286,true,
381,3881,26,true,
3881,81,1,true,
81,561,71,true,
81,8861,5,true,
8861,81,5,true,
381,391,19,true,
571,581,42,true,
581,571,39,true,
481,4681,28,true,
4681,1,2325,true,
481,4761,93,true,
4761,481,66,true,
341,81,828,true,
61,6391,18,true,
6391,61,17,true,
31638,31,150,true,
81,951,1,true,
951,91,31,true,
61,6481,39,true,
6481,61,39,true,
941,81,297,true,
891,8931,17,true,
8931,891,17,true,
381,691,336,true,
381,3781,22,true,
3781,381,21,true,
61,6351,41,true,
481,4751,7,true,
4751,481,6,true,
3881,381,22,true,
661,6671,20,true,
6671,66781,3,true,
66781,661,5,true,
661,81,1536,true,
691,6881,9,true,
481,4651,40,true,
4651,481,44,true,
3351,841,2,true,
81,3781,2,true,
781,761,188,true,
41,441,37,true,
441,41,38,true,
381,3791,29,true,
3791,381,27,true,
571,5861,19,true,
5861,571,18,true,
651,81,1524,true,
351,81,362,true,
71,731,17,true,
731,71,18,true,
671,67461,13,true,
67461,671,12,true,
7591,71,1220,true,
71,7351,243,true,
7351,3761,1,true,
3761,71,5,true,
71,7591,1285,true,
61,6431,8,true,
6431,61,8,true,
381,3851,7,true,
3851,381,7,true,
381,3861,16,true,
3861,381,14,true,
61,3881,51,true,
3881,61,57,true,
31,3391,7,true,
1,3981,14,true,
3981,1,9,true,
661,6651,17,true,
6651,661,15,true,
81,391,42,true,
651,6581,13,true,
6581,651,9,true,
6671,661,8,true,
661,6631,7,true,
6631,661,4,true,
381,681,1098,true,
671,6931,726,true,
6671,3591,1,true,
341,1,18165,true,
381,371,1072,true,
61,41,682,true,
381,341,234,true,
481,51,1250,true,
841,1,6,true,
6861,681,5,true,
961,9641,2,true,
9641,91,3,true,
41,1,32936,true,
1,8881,1,true,
891,1,17993,true,
981,9951,9,true,
9951,981,9,true,
981,661,110,true,
61,31,1788,true,
8761,371,55,true,
1,791,1466,true,
1,471,136,true,
8761,31,2,true,
8761,3371,1,true,
3371,8381,2,true,
8381,3371,1,true,
1,6691,14,true,
941,971,190,true,
981,971,1105,true,
1,751,865,true,
81,9971,24,true,
71,891,1946,true,
891,8391,100,true,
1,8391,26,true,
891,8951,26,true,
8951,891,25,true,
491,81,847,true,
31,8391,2,true,
8391,91,1,true,
8391,1,4,true,
81,3671,1,true,
3671,1,1506,true,
8391,31,3,true,
81,31638,1,true,
8391,381,2,true,
8481,61,1,true,
1,8771,46,true,
91,381,214,true,
8771,571,1,true,
8771,1,9,true,
81,6861,1,true,
871,371,381,true,
371,871,551,true,
41,4471,23,true,
4471,41,22,true,
51,871,3,true,
981,761,1475,true,
871,381,241,true,
371,761,1105,true,
481,871,4,true,
871,391,13,true,
1,961,51,true,
1,6461,33,true,
1,4681,71,true,
871,751,1,true,
1,7861,31,true,
41,91,1357,true,
871,31,14,true,
1,9471,19,true,
1,461,151,true,
1,4941,16,true,
1,3671,41,true,
1,361,101,true,
1,541,38,true,
891,8981,18,true,
8981,891,16,true,
1,6771,16,true,
1,531,73,true,
871,331,4,true,
1,931,59,true,
871,3971,1,true,
871,91,9,true,
1,6841,33,true,
1,4761,66,true,
1,6871,32,true,
41,561,759,true,
1,6751,10,true,
1,6671,11,true,
1,4691,28,true,
871,491,3,true,
1,7951,84,true,
761,661,151,true,
1,6471,7,true,
1,731,21,true,
1,631,91,true,
1,9461,30,true,
381,871,228,true,
1,781,53,true,
871,51,2,true,
1,6451,13,true,
871,8741,10,true,
8741,871,14,true,
1,3581,55,true,
871,451,2,true,
371,381,1465,true,
871,661,1,true,
51,5471,13,true,
5471,51,13,true,
871,71,4,true,
1,7661,21,true,
8451,61,2,true,
8451,761,1,true,
8451,1,12,true,
341,491,171,true,
8451,751,1,true,
81,8451,28,true,
8451,81,28,true,
71,7381,4,true,
7381,71,4,true,
761,7661,16,true,
7661,761,15,true,
8661,71,2,true,
8661,1,1,true,
791,3761,5,true,
371,3761,4,true,
971,9791,14,true,
9791,3761,1,true,
81,731,1,true,
3761,341,5,true,
3761,671,4,true,
3761,91,5,true,
3761,61,5,true,
3761,7591,1,true,
81,3371,1,true,
761,1,21577,true,
8791,1,5,true,
8791,651,1,true,
51,981,550,true,
8791,91,1,true,
41,4361,11,true,
4361,41,8,true,
71,7481,5,true,
7481,71,6,true,
81,841,76,true,
841,81,70,true,
4761,81,4,true,
1,8741,2,true,
8741,1,3,true,
1,641,31,true,
1,9971,170,true,
91,9361,35,true,
9361,91,36,true,
871,571,7,true,
1,951,23,true,
661,651,801,true,
871,761,2,true,
871,6841,1,true,
8761,51,1,true,
8381,371,1,true,
371,651,968,true,
61,63871,1,true,
51,651,804,true,
8391,451,1,true,
8571,1,1,true,
341,3481,52,true,
3481,341,52,true,
6391,81,1,true,
381,891,355,true,
491,61,539,true,
691,6871,5,true,
6871,691,17,true,
971,9971,75,true,
761,491,236,true,
7591,791,112,true,
891,41,402,true,
341,651,773,true,
91,9471,37,true,
9471,91,37,true,
61,651,505,true,
341,371,392,true,
7591,761,92,true,
751,91,558,true,
71,651,652,true,
761,7841,15,true,
7841,761,15,true,
651,381,710,true,
661,381,524,true,
391,381,4,true,
9791,891,7,true,
381,1,16199,true,
91,481,858,true,
971,941,117,true,
791,61,1043,true,
51,481,2018,true,
71,791,2710,true,
661,61,888,true,
791,981,410,true,
941,91,2022,true,
41,51,1252,true,
751,481,548,true,
681,491,67,true,
61,91,1619,true,
381,671,378,true,
671,3851,1,true,
671,61,853,true,
91,9591,12,true,
9591,91,12,true,
651,341,554,true,
981,991,32,true,
991,981,32,true,
31,481,2116,true,
81,3391,5,true,
31,3351,9,true,
761,71,1216,true,
491,7591,62,true,
8871,681,3,true,
481,4741,41,true,
4741,481,39,true,
71,7461,23,true,
7461,71,24,true,
3981,481,4,true,
1,3331,3,true,
451,561,221,true,
451,4561,18,true,
4561,451,19,true,
1,9691,6,true,
1,6481,15,true,
8761,681,1,true,
91,931,50,true,
931,91,21,true,
871,651,1,true,
71,741,22,true,
741,71,24,true,
371,91,2047,true,
1,74771,1,true,
74771,71,2,true,
381,8741,1,true,
851,91,5,true,
91,351,452,true,
851,791,1,true,
851,7591,1,true,
851,371,2,true,
81,3351,1,true,
51,851,3,true,
851,61,2,true,
851,671,1,true,
851,761,1,true,
851,651,1,true,
651,851,2,true,
851,81,76,true,
481,4851,90,true,
4851,481,91,true,
981,791,428,true,
541,8451,1,true,
8451,5991,1,true,
5991,571,8,true,
8451,571,1,true,
8451,31,2,true,
8451,681,1,true,
871,481,3,true,
61,871,4,true,
6671,871,2,true,
31,871,16,true,
7531,871,1,true,
791,871,2,true,
6361,871,1,true,
451,871,2,true,
931,1,2908,true,
1,8791,2,true,
351,31,255,true,
1,9671,18,true,
761,771,32,true,
481,46661,6,true,
46661,481,6,true,
381,981,124,true,
61,8481,2,true,
31,391,218,true,
31,381,773,true,
891,971,424,true,
8771,691,1,true,
81,8481,24,true,
8481,1,2,true,
941,1,5586,true,
381,761,260,true,
8991,891,5,true,
671,1,16669,true,
341,5761,1,true,
571,591,39,true,
591,571,38,true,
51,741,1,true,
31,7591,263,true,
7591,31,140,true,
7591,1,4397,true,
7591,51,114,true,
71,91,2763,true,
31,741,1,true,
3351,71,6,true,
761,671,190,true,
381,651,1022,true,
51,491,516,true,
481,4691,7,true,
4691,1,1190,true,
661,761,325,true,
7661,6681,1,true,
91,491,730,true,
981,1,11823,true,
6931,81,293,true,
491,981,501,true,
8761,8381,3,true,
8381,8761,5,true,
371,8661,1,true,
681,481,228,true,
871,971,1,true,
6931,1,5679,true,
6931,61,537,true,
61,6931,560,true,
6931,31,280,true,
31,6931,380,true,
6931,671,653,true,
6931,71,179,true,
6931,91,167,true,
6931,651,168,true,
6931,761,56,true,
6931,481,150,true,
6931,791,66,true,
6931,391,16,true,
6931,681,297,true,
6931,381,106,true,
6931,571,109,true,
6931,371,158,true,
6931,661,173,true,
6931,51,123,true,
6931,891,102,true,
6931,41,88,true,
6931,7591,22,true,
6931,491,53,true,
6931,851,1,true,
381,6931,137,true,
6931,981,29,true,
6931,351,48,true,
6931,751,48,true,
6931,341,60,true,
91,61,542,true,
6931,691,17,true,
6931,971,11,true,
71,6931,334,true,
6931,451,32,true,
6931,941,9,true,
6931,9971,3,true,
691,6931,41,true,
6861,691,4,true,
681,6931,250,true,
661,6931,309,true,
41,381,324,true,
1,6971,6,true,
341,6931,79,true,
6971,671,2,true,
6971,1,35,true,
6971,81,3,true,
6971,71,1,true,
6971,41,2,true,
6971,791,1,true,
6971,31,2,true,
6971,681,1,true,
6971,61,1,true,
6971,341,1,true,
6971,761,1,true,
81,6971,1,true,
6971,371,1,true,
6971,661,1,true,
6971,481,1,true,
761,6931,71,true,
451,6931,46,true,
371,6931,570,true,
941,6931,18,true,
891,6931,99,true,
481,6931,174,true,
331,6931,1,true,
91,6931,56,true,
31,761,1100,true,
491,6931,95,true,
751,1,9369,true,
81,8761,6,true,
8761,81,2,true,
6931,3761,1,true,
81,8641,1,true,
8641,81,1,true,
6931,331,1,true,
681,6831,24,true,
6831,681,23,true,
751,75541,10,true,
75541,751,10,true,
751,6931,77,true,
681,6841,14,true,
6841,681,19,true,
681,6851,15,true,
6851,681,12,true,
671,751,187,true,
751,791,439,true,
751,61,1069,true,
751,7591,290,true,
751,9971,48,true,
751,671,190,true,
751,41,334,true,
7591,751,302,true,
751,891,287,true,
751,761,277,true,
751,331,5,true,
751,31,473,true,
751,981,122,true,
751,451,77,true,
751,371,295,true,
371,751,552,true,
781,791,337,true,
751,51,340,true,
751,681,131,true,
751,971,56,true,
61,751,1077,true,
751,381,185,true,
751,651,163,true,
751,351,126,true,
751,491,130,true,
7351,6361,445,true,
751,941,52,true,
751,661,106,true,
751,341,90,true,
751,561,75,true,
71,6361,240,true,
31,751,655,true,
761,751,202,true,
751,3761,1,true,
61,63591,3,true,
63591,751,2,true,
7531,7661,1,true,
351,751,146,true,
1,7531,1,true,
71,341,520,true,
71,481,1668,true,
481,71,1000,true,
71,471,6,true,
471,1,4453,true,
75361,1,2,true,
571,5761,11,true,
5761,571,11,true,
9971,981,4,true,
981,751,180,true,
75361,51,1,true,
75361,71,3,true,
75361,61,1,true,
75361,981,2,true,
75361,81,1,true,
481,751,363,true,
341,751,120,true,
91,451,112,true,
71,7371,27,true,
7371,71,26,true,
651,751,143,true,
381,751,210,true,
751,75571,15,true,
75571,751,14,true,
75571,631,1,true,
75571,1,1,true,
751,3351,1,true,
31,371,950,true,
1,741,18,true,
891,751,240,true,
491,751,197,true,
6361,61,119,true,
491,71,531,true,
41,481,1714,true,
41,751,413,true,
81,8741,2,true,
341,7591,46,true,
7591,341,36,true,
941,751,47,true,
791,781,386,true,
781,71,603,true,
361,351,10,true,
351,491,241,true,
751,8891,1,true,
1,551,41,true,
81,6571,4,true,
75571,71,2,true,
71,75571,2,true,
751,691,2,true,
31,491,644,true,
7531,891,1,true,
71,61,3233,true,
751,851,1,true,
671,691,118,true,
71,8391,4,true,
71,491,445,true,
6351,3881,12,true,
3881,6351,3,true,
7591,6361,83,true,
71,41,996,true,
681,751,100,true,
31,61,2518,true,
31,71,1831,true,
31,981,555,true,
31,671,1269,true,
31,41,1716,true,
31,51,2227,true,
31,891,963,true,
31,651,985,true,
31,561,592,true,
31,91,2237,true,
31,791,780,true,
791,31,731,true,
481,4661,32,true,
4661,481,31,true,
491,91,1763,true,
661,1,8556,true,
6361,1,962,true,
681,31,474,true,
691,391,36,true,
3761,31,14,true,
631,1,2527,true,
491,4971,40,true,
4971,491,41,true,
891,791,793,true,
4761,1,2389,true,
971,9891,10,true,
9791,1,770,true,
891,381,336,true,
81,871,52,true,
341,351,188,true,
6931,6981,5,true,
6981,6931,4,true,
481,4861,13,true,
4861,4851,1,true,
8481,81,22,true,
6461,1,2218,true,
4651,7351,1,true,
7351,4651,1,true,
681,1,8001,true,
751,75361,5,true,
75361,751,5,true,
81,6541,4,true,
481,4671,13,true,
4671,481,10,true,
91,9351,34,true,
9351,91,33,true,
6881,1,1061,true,
6651,1,398,true,
6681,1,1185,true,
6571,1,1311,true,
761,7761,17,true,
7761,761,18,true,
481,4841,17,true,
4841,481,17,true,
671,67961,10,true,
67961,671,7,true,
461,1,3742,true,
61,451,203,true,
81,851,65,true,
351,3581,24,true,
3581,1,1936,true,
651,451,197,true,
761,7851,8,true,
7851,761,8,true,
3351,31,116,true,
1,8961,2,true,
41,341,1066,true,
931,681,2,true,
681,691,20,true,
971,1,5070,true,
6591,1,634,true,
671,761,255,true,
381,41,298,true,
751,7461,14,true,
891,491,303,true,
391,681,5,true,
81,81,95,true,
6581,1,356,true,
791,7981,4,true,
7981,791,4,true,
91,9381,13,true,
9381,91,13,true,
31,33691,2,true,
33691,31,2,true,
981,9991,1,true,
9991,9971,2,true,
661,6661,18,true,
6661,1,692,true,
351,3671,30,true,
791,74861,11,true,
74861,791,12,true,
981,9931,3,true,
9931,981,3,true,
6671,1,807,true,
3391,351,5,true,
6861,1,807,true,
91,951,29,true,
351,3591,15,true,
3591,1,1162,true,
941,9661,7,true,
9661,91,252,true,
791,79791,5,true,
79791,791,5,true,
891,8971,5,true,
8971,891,2,true,
9791,91,274,true,
41,681,285,true,
671,651,1066,true,
561,341,217,true,
661,451,359,true,
4461,1,4,true,
481,31,1685,true,
791,7931,3,true,
7931,791,3,true,
3671,351,1,true,
561,451,235,true,
7591,491,33,true,
871,81,24,true,
1,6361,11,true,
781,1,4,true,
681,41,126,true,
761,31,752,true,
51,71,2039,true,
371,891,944,true,
7461,75571,2,true,
651,61,524,true,
481,941,361,true,
671,6791,7,true,
6791,671,7,true,
481,981,330,true,
41,371,642,true,
31,681,807,true,
761,381,228,true,
1,8871,9,true,
671,67981,10,true,
67981,671,11,true,
6661,651,103,true,
4391,41,30,true,
561,5671,4,true,
5671,561,4,true,
8771,81,12,true,
981,61,362,true,
91,761,458,true,
5951,571,39,true,
491,4981,11,true,
4981,491,9,true,
791,891,1177,true,
1,8861,6,true,
8861,1,7,true,
341,3451,15,true,
3451,341,14,true,
581,5861,2,true,
5861,71,1,true,
681,71,255,true,
681,651,387,true,
671,661,968,true,
891,671,247,true,
1,6571,40,true,
671,91,580,true,
41,43841,4,true,
43841,41,5,true,
371,31,1208,true,
981,9751,117,true,
91,41,366,true,
41,941,153,true,
9661,941,4,true,
661,341,516,true,
451,91,427,true,
971,9991,7,true,
971,9751,6,true,
9751,971,6,true,
61,891,771,true,
651,65681,10,true,
65681,651,8,true,
761,91,1458,true,
41,761,559,true,
751,5451,2,true,
5451,751,2,true,
81,8771,10,true,
4681,41,473,true,
481,91,2420,true,
6861,381,98,true,
941,9461,12,true,
9461,941,12,true,
1,3781,3,true,
61,681,830,true,
961,1,2245,true,
491,761,304,true,
3391,31,4,true,
9691,1,704,true,
341,681,162,true,
561,5651,7,true,
5651,561,6,true,
481,3351,2,true,
3351,481,10,true,
381,91,749,true,
41,6651,4,true,
6651,41,4,true,
941,571,71,true,
791,7961,5,true,
7961,791,5,true,
491,661,184,true,
451,661,327,true,
6691,1,1517,true,
791,79591,2,true,
79591,791,2,true,
51,5461,3,true,
5461,51,3,true,
3351,91,3,true,
3351,391,2,true,
3351,761,12,true,
3351,891,9,true,
3351,491,6,true,
3351,61,2,true,
3351,971,5,true,
3351,561,2,true,
3351,691,1,true,
671,6731,6,true,
6731,671,6,true,
91,681,152,true,
91,651,164,true,
481,351,820,true,
91,981,602,true,
981,9971,3,true,
1,6581,12,true,
51,31,2639,true,
1,6791,1,true,
761,7651,2,true,
7651,761,1,true,
51,5491,10,true,
5491,51,11,true,
6631,1,285,true,
691,6861,1,true,
691,381,288,true,
1,9571,6,true,
9571,91,29,true,
351,681,62,true,
41,4431,3,true,
4431,41,4,true,
981,9891,6,true,
9891,981,5,true,
91,9571,26,true,
6351,1,1123,true,
491,351,671,true,
671,6751,10,true,
6751,671,12,true,
571,5961,3,true,
5961,571,3,true,
481,4771,14,true,
4771,481,13,true,
81,8381,2,true,
971,371,104,true,
941,9441,7,true,
9441,941,6,true,
491,471,2,true,
31,451,823,true,
4681,4671,1,true,
491,4941,9,true,
4941,491,9,true,
361,3671,1,true,
681,6891,12,true,
6891,681,14,true,
6931,6991,4,true,
6991,6931,4,true,
751,75581,13,true,
75581,751,12,true,
1,8381,1,true,
451,761,143,true,
561,481,547,true,
31,351,563,true,
651,351,119,true,
71,761,1822,true,
371,451,586,true,
451,371,400,true,
1,5691,1,true,
61,6861,102,true,
491,31,604,true,
71,371,1418,true,
61,63951,3,true,
63951,61,3,true,
63591,61,1,true,
41,4461,7,true,
481,371,818,true,
71,7451,5,true,
7451,71,5,true,
681,381,534,true,
6871,1,463,true,
661,91,869,true,
481,391,94,true,
651,891,332,true,
891,331,7,true,
651,7591,29,true,
941,791,103,true,
761,681,175,true,
8871,8861,1,true,
61,341,266,true,
71,74431,2,true,
74431,71,2,true,
891,481,694,true,
981,451,89,true,
651,391,124,true,
651,6541,16,true,
6541,651,15,true,
71,73761,3,true,
73761,71,3,true,
561,31,654,true,
941,491,354,true,
951,1,894,true,
491,791,289,true,
891,91,1663,true,
481,761,584,true,
681,761,138,true,
41,4381,5,true,
4381,41,5,true,
91,9391,2,true,
9391,91,2,true,
4681,481,12,true,
651,651,6,true,
91,9541,1,true,
9541,91,1,true,
661,681,372,true,
41,4351,10,true,
4351,41,9,true,
71,8951,10,true,
8951,71,10,true,
971,891,192,true,
3971,481,6,true,
3591,3581,2,true,
3581,3591,3,true,
3351,371,1,true,
6881,61,143,true,
3351,651,1,true,
3351,451,2,true,
3351,41,2,true,
891,31,815,true,
9351,761,1,true,
51,761,995,true,
451,3761,2,true,
3761,451,2,true,
681,6871,16,true,
8871,1,4,true,
341,891,246,true,
891,341,239,true,
891,3671,1,true,
331,891,8,true,
5971,5991,1,true,
8381,81,1,true,
41,451,541,true,
971,9951,10,true,
5971,5951,3,true,
7461,75581,2,true,
71,681,407,true,
791,41,727,true,
671,3761,4,true,
341,3761,5,true,
3761,3481,1,true,
65681,1,1,true,
4691,4681,1,true,
491,4991,5,true,
4991,491,4,true,
3761,941,1,true,
3761,381,7,true,
671,51,621,true,
761,51,596,true,
331,3761,7,true,
9471,1,392,true,
481,341,461,true,
341,481,542,true,
351,4761,1,true,
4761,571,1,true,
471,61,2,true,
61,791,767,true,
791,641,1,true,
481,61,1072,true,
61,4691,1,true,
4691,61,1,true,
1,9791,28,true,
41,691,3,true,
1,9361,2,true,
981,371,303,true,
971,991,21,true,
671,6771,7,true,
6771,671,5,true,
661,66781,2,true,
71,941,254,true,
941,71,148,true,
71,661,509,true,
971,9691,63,true,
3761,761,1,true,
3761,891,4,true,
3981,671,2,true,
791,71,2520,true,
41,71,1013,true,
41,61,1121,true,
9891,971,1,true,
4861,481,12,true,
661,561,263,true,
761,971,245,true,
491,51,535,true,
981,491,595,true,
451,4571,7,true,
4571,451,8,true,
671,6591,3,true,
1,6591,6,true,
3971,91,2,true,
3971,561,1,true,
1,4931,7,true,
3971,41,3,true,
31,3971,3,true,
7461,751,1,true,
41,4691,128,true,
791,561,171,true,
671,381,452,true,
81,8391,2,true,
8391,81,5,true,
451,651,228,true,
891,771,212,true,
671,7591,93,true,
7591,671,58,true,
381,71,545,true,
451,981,56,true,
491,371,398,true,
491,381,206,true,
691,681,2,true,
491,4871,18,true,
4871,491,18,true,
381,3951,8,true,
3951,381,7,true,
3351,791,1,true,
661,71,643,true,
3351,871,1,true,
661,51,1014,true,
561,331,8,true,
51,331,13,true,
5861,481,1,true,
661,371,383,true,
451,3481,1,true,
561,5681,6,true,
5681,561,5,true,
971,491,94,true,
3391,3591,1,true,
3581,351,4,true,
761,351,167,true,
651,31,959,true,
91,371,402,true,
331,31,20,true,
331,761,5,true,
331,61,3,true,
331,661,1,true,
331,341,5,true,
331,481,5,true,
331,51,4,true,
481,331,8,true,
331,971,2,true,
331,491,2,true,
331,981,1,true,
331,6971,1,true,
6971,6931,2,true,
331,691,1,true,
331,941,1,true,
1,8571,2,true,
3761,681,1,true,
3761,481,1,true,
3761,491,3,true,
3761,971,1,true,
3761,691,1,true,
8891,1,3,true,
71,6831,1,true,
6831,71,1,true,
3671,3581,1,true,
571,58716,1,true,
58716,571,1,true,
631,3351,1,true,
761,3351,4,true,
3351,751,1,true,
3351,6931,1,true,
791,371,422,true,
1,9491,1,true,
3351,7591,2,true,
3351,51,2,true,
71,31,1919,true,
381,3961,4,true,
3961,381,4,true,
451,51,1095,true,
661,481,1173,true,
941,681,46,true,
341,391,81,true,
561,71,324,true,
6931,3591,4,true,
3591,6931,7,true,
891,981,454,true,
981,71,626,true,
981,41,223,true,
941,9481,12,true,
9481,941,12,true,
41,44951,2,true,
44951,41,2,true,
9691,751,1,true,
1,67461,1,true,
71,561,400,true,
871,341,1,true,
761,7881,3,true,
7881,761,3,true,
661,7591,174,true,
81,8661,4,true,
8661,81,4,true,
671,391,184,true,
941,891,132,true,
491,671,181,true,
641,631,1,true,
491,451,122,true,
981,481,330,true,
61,481,1031,true,
941,341,44,true,
91,71,524,true,
1,8891,1,true,
671,31,1169,true,
41,391,121,true,
51,891,959,true,
971,9861,24,true,
971,9931,2,true,
1,8481,2,true,
3671,91,104,true,
941,481,306,true,
451,71,256,true,
651,6661,114,true,
381,51,526,true,
41,4661,159,true,
791,351,174,true,
561,41,1002,true,
9861,1,1,true,
91,9371,2,true,
9371,91,2,true,
351,371,116,true,
891,351,218,true,
3441,3761,2,true,
3761,3441,1,true,
1,9771,7,true,
1,75361,1,true,
3971,491,1,true,
3971,51,1,true,
91,31,602,true,
7591,681,37,true,
651,51,597,true,
941,981,112,true,
4661,4651,1,true,
41,31,1611,true,
8981,61,1,true,
1,8451,3,true,
761,74861,21,true,
661,491,494,true,
1,6541,8,true,
761,371,707,true,
1,65681,2,true,
3441,1,5,true,
1,8661,1,true,
7461,7531,2,true,
31,941,265,true,
31,4681,6,true,
31,971,271,true,
31,9971,82,true,
31,851,2,true,
31,3671,4,true,
31,331,17,true,
31,4691,2,true,
381,31,624,true,
31,3371,6,true,
31,361,5,true,
371,791,636,true,
3781,81,1,true,
7591,351,25,true,
71,6651,1,true,
3981,31,2,true,
31,3481,1,true,
451,31,938,true,
31,3761,9,true,
3441,31,1,true,
981,31,444,true,
581,31,1,true,
4681,31,9,true,
31,7391,1,true,
551,31,2,true,
3591,31,13,true,
31,8661,1,true,
4761,31,5,true,
941,31,235,true,
4481,31,1,true,
3881,31,3,true,
6931,6961,5,true,
6961,31,2,true,
531,31,2,true,
31,631,1,true,
5681,31,1,true,
8981,31,1,true,
31,5861,1,true,
5661,31,1,true,
3791,31,1,true,
971,31,141,true,
31,5951,1,true,
5971,31,2,true,
5491,31,1,true,
31,5491,2,true,
31,691,11,true,
6871,31,4,true,
8951,31,1,true,
31,6571,1,true,
31,6681,1,true,
851,31,2,true,
5451,31,1,true,
471,31,1,true,
4391,31,1,true,
31,5691,2,true,
4671,31,2,true,
441,31,1,true,
31,931,3,true,
31,461,1,true,
7951,31,1,true,
3861,31,1,true,
3971,31,3,true,
31,471,4,true,
31,9671,4,true,
691,31,221,true,
571,5991,6,true,
31,6351,1,true,
3371,31,3,true,
31,3981,1,true,
561,5631,4,true,
5631,561,4,true,
31,961,1,true,
51,5391,6,true,
5391,51,6,true,
5471,54761,1,true,
54761,51,2,true,
51,54761,1,true,
31,4761,1,true,
31,951,1,true,
31638,671,3,true,
31638,1,86,true,
31638,761,6,true,
31638,481,3,true,
31638,81,5,true,
31638,71,7,true,
31638,561,3,true,
31638,61,3,true,
31638,661,2,true,
31638,791,1,true,
31638,371,2,true,
31638,6931,1,true,
31638,51,4,true,
31638,41,7,true,
31638,491,3,true,
31638,571,6,true,
31638,891,1,true,
31638,751,4,true,
31638,451,1,true,
31638,651,3,true,
31638,981,2,true,
671,371,376,true,
31,8871,2,true,
31638,381,3,true,
3331,531,1,true,
3331,6691,1,true,
31,6661,1,true,
6661,31,5,true,
31,4571,1,true,
51,5571,2,true,
5571,51,2,true,
31,8761,1,true,
341,671,282,true,
31,6871,1,true,
571,9391,1,true,
31,6881,3,true,
6881,681,3,true,
6651,31,1,true,
31,7461,1,true,
31,3581,2,true,
681,891,141,true,
1,3951,1,true,
941,61,110,true,
31,8931,1,true,
1,8971,1,true,
31,4771,1,true,
8871,31,1,true,
691,651,281,true,
371,491,644,true,
681,671,322,true,
9691,571,1,true,
64551,61,1,true,
91,891,542,true,
561,91,391,true,
91,341,182,true,
791,651,239,true,
91,671,165,true,
361,91,404,true,
651,91,562,true,
91,661,182,true,
7591,91,141,true,
661,351,241,true,
91,6461,2,true,
91,4561,1,true,
981,91,2447,true,
91,3391,4,true,
9571,1,4,true,
91,331,5,true,
91,9971,64,true,
91,3761,2,true,
91,391,62,true,
9571,681,1,true,
91,8771,1,true,
91,7591,53,true,
9571,761,2,true,
931,361,38,true,
361,931,34,true,
931,351,73,true,
91,841,3,true,
931,941,2,true,
931,791,1,true,
931,3371,1,true,
931,3671,8,true,
341,91,675,true,
931,31,3,true,
951,971,2,true,
931,3351,1,true,
961,981,1,true,
961,71,3,true,
961,61,1,true,
91,6351,1,true,
961,31,3,true,
951,481,1,true,
91,8761,1,true,
951,981,1,true,
951,41,2,true,
951,51,1,true,
951,761,1,true,
9471,941,4,true,
9471,491,1,true,
9471,3761,1,true,
9471,571,1,true,
9471,751,1,true,
9471,891,1,true,
9691,481,1,true,
9691,761,1,true,
9691,81,1,true,
9691,971,3,true,
9691,31,1,true,
9391,1,2,true,
9391,971,1,true,
91,361,2,true,
761,451,124,true,
9561,1,2,true,
9561,351,1,true,
9561,971,1,true,
9381,1,2,true,
9381,981,1,true,
9491,481,2,true,
9361,1,2,true,
9361,51,1,true,
9591,481,1,true,
1,9591,4,true,
9591,1,3,true,
9591,441,1,true,
9591,31,1,true,
9591,971,1,true,
9591,51,2,true,
9591,981,1,true,
371,9591,1,true,
9591,81,1,true,
9671,1,8,true,
981,9671,3,true,
9671,971,4,true,
9351,71,1,true,
9351,1,2,true,
9351,31,1,true,
981,471,3,true,
471,91,2,true,
741,91,1,true,
681,91,278,true,
981,671,131,true,
91,8481,1,true,
961,971,2,true,
361,961,71,true,
961,681,1,true,
961,481,1,true,
961,331,1,true,
9491,1,1,true,
9541,1,1,true,
7661,981,139,true,
9391,891,1,true,
9361,31,1,true,
9361,971,1,true,
931,61,1,true,
91,3351,1,true,
9571,971,1,true,
841,91,1,true,
481,931,2,true,
931,481,2,true,
681,61,694,true,
91,3671,1,true,
91,6591,1,true,
91,8381,1,true,
931,661,2,true,
9471,981,1,true,
91,871,1,true,
9471,481,2,true,
9471,681,1,true,
9471,761,1,true,
9471,351,1,true,
931,891,2,true,
661,931,1,true,
891,931,1,true,
81,931,1,true,
96771,1,1,true,
96771,351,1,true,
91,851,1,true,
31,9381,1,true,
9671,981,1,true,
981,7661,112,true,
9671,681,1,true,
9671,341,1,true,
9671,481,1,true,
9641,481,2,true,
9381,751,1,true,
96981,971,1,true,
96981,981,1,true,
96981,481,1,true,
96981,441,1,true,
96981,1,1,true,
1,96981,1,true,
9571,51,1,true,
9691,671,1,true,
9691,981,1,true,
961,941,1,true,
651,371,648,true,
9771,91,374,true,
9361,981,1,true,
9371,9971,1,true,
931,41,1,true,
91,3581,1,true,
4361,91,1,true,
6581,91,1,true,
91,5951,1,true,
91,8871,1,true,
971,97771,3,true,
97771,971,3,true,
91,97771,1,true,
9461,91,128,true,
981,9871,1,true,
9871,981,1,true,
671,491,109,true,
71,971,356,true,
971,761,165,true,
791,971,121,true,
971,61,111,true,
61,971,158,true,
971,791,54,true,
9351,9351,4,true,
971,351,74,true,
971,751,43,true,
971,661,29,true,
971,651,49,true,
971,481,111,true,
971,41,70,true,
971,6931,15,true,
971,671,47,true,
971,51,106,true,
971,7591,11,true,
971,571,67,true,
971,381,37,true,
971,331,3,true,
971,451,35,true,
971,561,22,true,
971,681,36,true,
371,971,389,true,
971,341,33,true,
481,971,164,true,
971,3371,1,true,
971,391,15,true,
91,96981,1,true,
96981,91,1,true,
971,8391,1,true,
451,971,38,true,
341,971,78,true,
361,971,35,true,
9351,971,1,true,
9771,981,20,true,
9771,9691,24,true,
9771,371,1,true,
9771,961,2,true,
9771,31,2,true,
9771,651,1,true,
9771,4361,1,true,
9771,81,1,true,
9771,451,1,true,
9791,981,1,true,
9791,31,1,true,
9791,381,1,true,
91,9791,4,true,
9751,981,34,true,
97771,1,360,true,
97771,41,1,true,
97771,61,1,true,
97771,671,4,true,
97771,751,1,true,
97771,981,2,true,
97771,491,1,true,
97771,451,1,true,
91,9561,3,true,
971,8861,1,true,
971,871,1,true,
9791,761,1,true,
9791,7761,1,true,
9791,961,1,true,
681,971,26,true,
381,971,57,true,
941,51,179,true,
941,371,117,true,
941,451,36,true,
941,381,74,true,
941,761,112,true,
941,41,98,true,
941,671,48,true,
941,651,52,true,
981,941,91,true,
941,7591,17,true,
941,351,175,true,
941,9971,10,true,
941,561,24,true,
941,661,37,true,
941,461,2,true,
941,3981,1,true,
941,391,18,true,
941,9471,2,true,
941,3971,2,true,
941,4751,1,true,
941,4741,1,true,
661,941,131,true,
61,941,100,true,
451,941,28,true,
671,941,57,true,
651,941,27,true,
941,3351,1,true,
681,941,37,true,
941,961,1,true,
381,941,67,true,
891,941,142,true,
761,941,95,true,
361,941,63,true,
9461,4441,1,true,
941,9771,1,true,
941,361,1,true,
941,441,1,true,
9481,91,1,true,
941,9671,1,true,
91,9461,2,true,
61,371,1447,true,
61,671,647,true,
891,61,675,true,
381,661,366,true,
61,51,978,true,
61,7591,315,true,
61,6881,110,true,
61,491,273,true,
61,561,175,true,
61,3351,4,true,
61,691,245,true,
61,981,205,true,
61,7351,4,true,
61,9971,42,true,
61,6871,65,true,
61,3761,4,true,
61,7391,19,true,
61,3671,2,true,
351,61,230,true,
631,31,1,true,
61,9591,1,true,
761,61,591,true,
61,75581,1,true,
61,8451,1,true,
61,9981,1,true,
61,9541,1,true,
6461,81,2,true,
6461,31,1,true,
6361,7591,4,true,
7591,61,385,true,
6361,71,275,true,
6861,61,102,true,
681,6481,107,true,
691,61,208,true,
381,6481,41,true,
6351,781,1,true,
6351,6751,1,true,
6931,6971,2,true,
681,6461,95,true,
61,9791,2,true,
3371,61,2,true,
4471,61,2,true,
61,8871,3,true,
8871,41,2,true,
61,8861,7,true,
8861,61,7,true,
61,361,1,true,
61,9691,1,true,
6431,1,1,true,
1,3451,1,true,
6451,1,2,true,
61,6571,2,true,
61,331,5,true,
61,3391,3,true,
61,9561,1,true,
61,8771,1,true,
61,75361,1,true,
651,491,173,true,
61,7881,1,true,
561,61,261,true,
6361,3391,1,true,
6361,81,3,true,
341,61,400,true,
971,6361,1,true,
681,6361,1,true,
61,841,1,true,
81,6361,1,true,
481,6361,1,true,
71,981,767,true,
61,391,1,true,
71,451,383,true,
41,6361,1,true,
6361,671,1,true,
6361,751,1,true,
371,6361,1,true,
871,61,2,true,
6391,1,2,true,
1,6391,1,true,
8871,61,1,true,
6461,3761,1,true,
61,851,3,true,
641,81,1,true,
1,4851,1,true,
6451,81,1,true,
9691,61,1,true,
1,6351,1,true,
6351,3391,1,true,
61,6581,1,true,
631,3761,2,true,
61,74771,1,true,
61,9571,1,true,
61,961,1,true,
61,931,1,true,
61,7761,1,true,
631,81,5,true,
631,71,3,true,
1,64551,1,true,
451,481,363,true,
451,671,156,true,
451,791,92,true,
451,41,421,true,
451,391,56,true,
451,381,149,true,
451,9971,8,true,
451,351,126,true,
451,891,164,true,
451,491,114,true,
451,681,104,true,
451,61,255,true,
451,751,75,true,
451,331,8,true,
891,451,177,true,
451,7591,34,true,
71,381,818,true,
381,451,157,true,
451,961,1,true,
451,361,1,true,
451,5991,1,true,
481,451,327,true,
451,3351,5,true,
71,7531,2,true,
4571,1,1,true,
451,851,3,true,
451,9391,2,true,
791,451,136,true,
451,8771,1,true,
451,3391,1,true,
451,75541,1,true,
351,561,20,true,
351,891,112,true,
351,691,1,true,
351,671,16,true,
351,9971,12,true,
351,71,211,true,
351,341,8,true,
371,351,490,true,
351,51,96,true,
351,981,50,true,
351,791,21,true,
351,651,61,true,
381,351,155,true,
351,971,43,true,
351,661,9,true,
351,941,30,true,
351,381,31,true,
351,41,81,true,
351,761,101,true,
351,451,13,true,
351,571,11,true,
71,351,529,true,
671,351,150,true,
981,351,126,true,
561,351,108,true,
351,3971,1,true,
361,41,5,true,
361,71,6,true,
361,481,12,true,
361,371,2,true,
361,791,2,true,
361,571,2,true,
361,31,3,true,
361,51,3,true,
41,351,284,true,
51,351,451,true,
361,491,13,true,
3671,331,3,true,
3671,81,7,true,
3671,651,4,true,
3671,931,11,true,
3671,31,12,true,
3671,51,4,true,
3671,891,7,true,
481,3671,1,true,
3671,3351,1,true,
3671,771,1,true,
3671,3391,2,true,
3671,941,10,true,
3671,371,2,true,
3671,481,5,true,
3671,971,6,true,
3671,341,2,true,
3671,961,6,true,
3671,761,1,true,
3671,561,2,true,
3671,3881,1,true,
3671,7881,1,true,
3671,71,4,true,
3671,9791,1,true,
3671,3971,1,true,
3671,451,2,true,
3671,3761,1,true,
3671,491,4,true,
3671,41,1,true,
3671,3371,2,true,
3671,691,1,true,
3671,6361,1,true,
3671,6861,1,true,
3671,671,2,true,
3671,791,2,true,
3671,61,1,true,
3671,6881,1,true,
3671,9571,1,true,
3671,6871,1,true,
3671,3981,1,true,
3671,6931,1,true,
3671,5961,1,true,
3671,7951,1,true,
3671,6461,1,true,
3581,481,14,true,
3581,891,13,true,
3581,671,5,true,
71,3581,1,true,
3581,71,3,true,
3581,571,1,true,
3581,761,2,true,
3581,91,23,true,
3591,481,10,true,
3591,51,6,true,
3591,891,9,true,
3591,381,3,true,
3591,3761,8,true,
3591,91,6,true,
3591,591,2,true,
3591,961,1,true,
3591,9671,4,true,
3591,931,2,true,
3591,571,4,true,
3591,5951,1,true,
3591,671,8,true,
3591,6461,1,true,
3591,6681,4,true,
3591,8741,1,true,
3591,871,2,true,
3591,951,1,true,
3591,681,9,true,
3591,9591,1,true,
3591,81,10,true,
3591,9661,6,true,
3591,391,1,true,
3591,4471,1,true,
3591,491,2,true,
3591,6431,1,true,
3591,651,6,true,
3591,7591,2,true,
3591,341,2,true,
3591,4681,2,true,
3591,6791,1,true,
3591,7451,1,true,
3591,6881,1,true,
3591,4751,1,true,
3591,331,6,true,
3591,6661,1,true,
3591,3881,2,true,
3591,8871,1,true,
3591,6641,1,true,
3591,71,2,true,
3591,7391,1,true,
3591,4981,1,true,
3591,6871,1,true,
3591,451,2,true,
3591,3391,1,true,
3591,6481,1,true,
3591,9571,1,true,
3591,8451,1,true,
3591,9791,1,true,
3591,3351,2,true,
3591,971,1,true,
3591,61,1,true,
3591,41,1,true,
351,9471,1,true,
361,3971,1,true,
361,681,1,true,
361,691,1,true,
361,81,1,true,
1,75571,1,true,
351,331,2,true,
351,3761,1,true,
351,7591,2,true,
351,3391,1,true,
3581,661,3,true,
3581,31,12,true,
3581,491,4,true,
3581,561,1,true,
361,331,1,true,
361,761,1,true,
361,4971,1,true,
3581,61,3,true,
3581,751,1,true,
3581,51,26,true,
3581,371,2,true,
3581,81,9,true,
3581,651,2,true,
3581,3391,1,true,
3581,341,3,true,
3581,41,2,true,
3581,331,1,true,
3581,981,1,true,
361,9391,1,true,
361,871,1,true,
3951,1,1,true,
361,651,3,true,
361,381,4,true,
361,671,1,true,
71,671,711,true,
6861,6871,1,true,
651,71,397,true,
6541,71,1,true,
71,8871,3,true,
8871,71,3,true,
71,9971,161,true,
71,331,20,true,
81,6591,2,true,
1,4771,1,true,
71,691,1,true,
71,3761,12,true,
71,841,3,true,
81,3881,4,true,
371,71,1768,true,
71,3351,6,true,
671,71,494,true,
81,65681,1,true,
7391,1,3,true,
71,3391,3,true,
71,9791,1,true,
71,931,1,true,
71,391,1,true,
71,361,1,true,
1,4661,9,true,
71,9671,1,true,
71,8381,1,true,
71,4661,1,true,
71,8771,2,true,
341,71,394,true,
71,8451,1,true,
71,3371,6,true,
71,851,2,true,
71,961,3,true,
381,7591,92,true,
371,7591,535,true,
71,8741,1,true,
71,9691,1,true,
71,9471,1,true,
8951,1,3,true,
8951,681,1,true,
71,8481,3,true,
351,74861,1,true,
81,741,1,true,
7591,741,1,true,
741,1,1,true,
741,981,1,true,
661,6641,4,true,
6641,661,3,true,
6641,71,1,true,
71,8891,1,true,
8891,71,1,true,
7861,71,2,true,
751,731,1,true,
7371,1,2,true,
1,7491,5,true,
7491,341,1,true,
81,7491,1,true,
7491,61,1,true,
7491,481,1,true,
7491,571,2,true,
7491,781,21,true,
7491,761,2,true,
71,54761,1,true,
54761,71,1,true,
54761,561,1,true,
71,871,1,true,
981,381,119,true,
7351,1,2,true,
71,3971,1,true,
331,71,1,true,
761,7461,1,true,
7461,7881,1,true,
7881,7461,1,true,
81,7391,1,true,
3881,71,1,true,
481,681,303,true,
731,781,1,true,
81,6581,2,true,
1,3481,6,true,
981,891,548,true,
981,681,120,true,
981,651,126,true,
981,51,297,true,
981,7591,67,true,
981,561,79,true,
981,6931,51,true,
981,341,98,true,
661,981,186,true,
981,331,3,true,
371,981,474,true,
981,3391,3,true,
981,931,1,true,
981,961,2,true,
981,3371,2,true,
981,3981,1,true,
981,3761,3,true,
9861,761,1,true,
681,981,63,true,
981,9361,1,true,
651,981,97,true,
991,371,1,true,
371,6841,1,true,
6841,1,1,true,
6931,581,1,true,
4671,581,1,true,
691,481,11,true,
481,8761,1,true,
8761,891,1,true,
8961,561,1,true,
561,581,1,true,
761,9971,64,true,
481,9971,47,true,
9971,331,1,true,
371,9971,78,true,
9971,751,1,true,
9971,31,5,true,
9971,761,1,true,
9971,3371,1,true,
9971,481,1,true,
9891,791,1,true,
41,9971,88,true,
9971,891,2,true,
9971,9981,2,true,
9981,9971,1,true,
841,9981,1,true,
981,3971,1,true,
491,4951,2,true,
4951,491,2,true,
491,971,228,true,
1,9861,1,true,
981,3671,1,true,
9971,61,1,true,
981,9491,1,true,
9971,81,1,true,
341,661,238,true,
341,791,161,true,
341,381,213,true,
341,4461,37,true,
341,981,92,true,
341,761,232,true,
341,871,40,true,
341,941,46,true,
341,6571,7,true,
341,9971,17,true,
341,6581,2,true,
341,3351,1,true,
671,341,429,true,
341,331,5,true,
681,341,80,true,
3481,1,2,true,
341,961,1,true,
341,6541,2,true,
371,341,557,true,
341,4431,1,true,
791,341,205,true,
341,3371,1,true,
341,8771,1,true,
491,341,192,true,
761,341,170,true,
341,9571,1,true,
341,931,1,true,
791,51,627,true,
341,3591,1,true,
461,341,2,true,
341,3391,1,true,
341,9471,1,true,
341,8861,1,true,
8861,341,1,true,
341,8891,1,true,
8891,341,1,true,
681,371,372,true,
371,481,1247,true,
371,671,680,true,
371,681,459,true,
371,51,1539,true,
371,661,535,true,
371,8761,112,true,
371,3391,2,true,
371,561,448,true,
371,941,238,true,
371,391,369,true,
51,371,1313,true,
371,691,312,true,
371,4691,1,true,
371,3671,1,true,
391,371,247,true,
7591,371,139,true,
371,3351,2,true,
891,371,703,true,
481,791,508,true,
371,851,3,true,
371,4461,3,true,
371,7351,1,true,
561,371,298,true,
561,971,46,true,
371,6481,1,true,
371,3371,3,true,
9561,91,2,true,
371,9671,2,true,
371,75581,1,true,
371,7451,1,true,
371,8951,1,true,
691,371,230,true,
331,81,2,true,
371,4681,1,true,
1,4471,2,true,
371,8771,10,true,
371,9571,1,true,
371,331,1,true,
371,9561,1,true,
371,551,1,true,
371,961,1,true,
371,7841,1,true,
81,8791,1,true,
8791,81,1,true,
371,9361,1,true,
371,931,1,true,
371,6471,1,true,
5971,371,1,true,
7591,981,53,true,
371,8641,1,true,
371,361,1,true,
8481,51,1,true,
51,7591,277,true,
51,41,1537,true,
51,661,1082,true,
51,791,685,true,
51,681,414,true,
51,381,894,true,
5951,4561,1,true,
5971,591,1,true,
6661,51,1,true,
681,51,229,true,
51,9671,4,true,
561,651,143,true,
4391,51,1,true,
51,6691,1,true,
5861,51,1,true,
51,931,2,true,
51,3761,4,true,
3761,51,2,true,
4681,51,1,true,
51,6661,1,true,
6671,51,1,true,
891,551,1,true,
5441,481,1,true,
51,3371,4,true,
1,5351,1,true,
51,3391,6,true,
1,5471,1,true,
51,3951,1,true,
5561,5971,1,true,
541,81,2,true,
41,4651,123,true,
531,1,1,true,
5451,1,1,true,
561,5641,1,true,
5641,561,1,true,
561,891,223,true,
51,3351,5,true,
3441,51,2,true,
51,6571,1,true,
7661,51,1,true,
51,5631,3,true,
51,9861,1,true,
51,8481,2,true,
6661,661,3,true,
51,691,3,true,
4651,51,2,true,
51,7351,1,true,
691,51,31,true,
8451,51,1,true,
71,74771,1,true,
51,8571,1,true,
51,4681,1,true,
51,8391,1,true,
341,6591,1,true,
51,951,2,true,
51,8871,1,true,
8871,51,1,true,
51,4361,1,true,
51,4761,1,true,
3391,51,2,true,
51,4651,1,true,
1,5441,22,true,
5441,71,1,true,
5441,1,8,true,
5441,561,4,true,
91,5441,1,true,
5441,91,1,true,
3761,5441,1,true,
651,5441,2,true,
341,5441,1,true,
5441,41,2,true,
81,5351,1,true,
51,9381,1,true,
51,841,1,true,
541,71,1,true,
41,791,720,true,
51,6581,1,true,
551,1,1,true,
551,41,2,true,
41,551,2,true,
661,891,384,true,
891,661,161,true,
661,971,136,true,
661,751,229,true,
691,661,53,true,
661,391,83,true,
661,331,3,true,
6641,1,191,true,
381,6461,63,true,
6641,331,1,true,
6641,31,1,true,
6641,81,1,true,
661,851,2,true,
6691,671,1,true,
661,3761,1,true,
6661,3761,1,true,
6661,81,6,true,
6661,671,1,true,
661,3371,2,true,
6661,341,2,true,
6661,331,2,true,
6661,371,2,true,
6661,381,1,true,
6671,3351,2,true,
6631,81,6,true,
67961,6791,1,true,
6631,681,1,true,
6631,71,1,true,
481,851,3,true,
661,841,1,true,
6631,451,1,true,
6631,571,1,true,
6631,481,1,true,
7591,41,35,true,
651,6671,1,true,
481,661,382,true,
81,6671,1,true,
6671,6931,1,true,
661,691,4,true,
6661,571,1,true,
6661,3391,1,true,
6671,651,1,true,
6671,381,1,true,
561,661,209,true,
6681,3761,1,true,
361,6691,1,true,
41,6691,1,true,
571,6691,1,true,
91,6691,1,true,
661,3351,2,true,
661,551,1,true,
661,9591,1,true,
7591,6681,1,true,
6681,491,3,true,
6681,7591,2,true,
6681,51,1,true,
6631,891,1,true,
661,31638,1,true,
66781,1,1,true,
761,481,514,true,
761,41,296,true,
761,651,166,true,
761,7591,95,true,
761,561,98,true,
91,781,1,true,
771,81,2,true,
491,651,184,true,
7851,1,11,true,
7851,791,1,true,
7851,71,1,true,
761,9991,1,true,
761,331,8,true,
761,9671,2,true,
761,851,3,true,
651,761,189,true,
761,3391,2,true,
761,3761,3,true,
771,1,3,true,
771,891,1,true,
771,791,1,true,
41,981,238,true,
761,3371,1,true,
7761,1,1,true,
7881,1,1,true,
761,871,1,true,
7851,561,1,true,
7851,571,1,true,
1,8951,2,true,
761,951,1,true,
761,361,1,true,
7841,1,1,true,
671,891,245,true,
671,41,337,true,
671,681,470,true,
671,561,119,true,
671,791,314,true,
671,451,165,true,
671,481,451,true,
671,981,125,true,
41,671,396,true,
671,971,64,true,
671,331,7,true,
481,671,414,true,
671,3371,3,true,
671,3391,4,true,
671,6581,1,true,
67461,791,1,true,
791,671,366,true,
6771,91,1,true,
6791,1,1,true,
671,7391,1,true,
671,6571,1,true,
671,5971,1,true,
671,6661,1,true,
671,361,1,true,
651,67981,1,true,
671,6351,1,true,
671,3971,2,true,
671,75571,1,true,
561,671,127,true,
671,8791,1,true,
67981,681,1,true,
561,791,149,true,
561,751,125,true,
561,5471,1,true,
561,681,97,true,
561,381,150,true,
561,7591,40,true,
561,941,64,true,
561,491,121,true,
651,561,102,true,
561,6931,64,true,
681,561,46,true,
561,3391,5,true,
4461,341,6,true,
561,531,1,true,
381,561,108,true,
561,3351,2,true,
561,3971,3,true,
561,8771,1,true,
5671,1,2,true,
5671,41,1,true,
561,3761,2,true,
891,561,171,true,
561,8451,1,true,
4681,981,1,true,
561,8391,1,true,
491,561,129,true,
5661,1,2,true,
561,3671,1,true,
481,561,322,true,
41,891,581,true,
41,651,393,true,
41,471,9,true,
41,461,11,true,
41,7591,101,true,
41,871,2,true,
41,9391,1,true,
4481,1,2,true,
41,6931,163,true,
41,3391,6,true,
41,971,135,true,
41,8381,1,true,
851,381,2,true,
651,41,321,true,
41,4571,1,true,
41,331,7,true,
331,41,1,true,
5881,41,2,true,
3391,41,2,true,
41,961,1,true,
41,4671,4,true,
7591,661,45,true,
7591,481,93,true,
7591,941,12,true,
7591,8661,1,true,
7591,381,83,true,
7591,651,43,true,
7591,891,133,true,
7591,971,22,true,
7591,561,16,true,
7591,331,2,true,
7591,451,32,true,
7591,6931,23,true,
891,7591,131,true,
481,7591,110,true,
651,681,457,true,
7591,391,3,true,
791,7591,138,true,
7591,8871,1,true,
8871,7591,1,true,
7591,851,1,true,
7591,8891,1,true,
8891,7591,1,true,
41,3371,3,true,
41,3351,1,true,
4761,41,3,true,
4351,1,1,true,
41,3761,2,true,
3761,41,1,true,
5971,41,2,true,
41,3971,1,true,
3791,41,1,true,
41,6571,1,true,
41,5961,1,true,
391,41,3,true,
4691,41,236,true,
41,6541,1,true,
4661,41,11,true,
41,4761,2,true,
5661,41,1,true,
41,3581,1,true,
41,8861,1,true,
8861,41,1,true,
471,41,1,true,
41,7461,1,true,
41,8871,1,true,
41,5991,1,true,
5681,41,1,true,
41,6671,1,true,
4471,1,2,true,
1,4431,1,true,
4431,1,1,true,
4441,1,1,true,
41,851,3,true,
1,4481,1,true,
41,8771,2,true,
41,8391,1,true,
4381,1,1,true,
41,7351,1,true,
9971,9991,1,true,
461,8981,1,true,
4461,761,1,true,
65681,41,1,true,
41,9471,1,true,
441,1,1,true,
491,681,127,true,
491,9971,65,true,
491,391,29,true,
491,4841,2,true,
491,331,5,true,
791,491,303,true,
491,3671,2,true,
491,3371,1,true,
4971,91,1,true,
491,871,2,true,
491,9671,3,true,
381,491,139,true,
491,951,1,true,
4981,1,2,true,
491,4771,1,true,
491,4851,2,true,
491,3761,1,true,
491,4661,2,true,
491,6581,1,true,
491,9471,1,true,
491,9641,1,true,
491,3351,2,true,
491,3391,4,true,
491,931,2,true,
491,8481,1,true,
1,5661,1,true,
491,4651,1,true,
491,361,1,true,
4931,1,1,true,
481,891,610,true,
681,351,65,true,
681,791,144,true,
681,9971,7,true,
681,391,38,true,
681,8481,2,true,
31638,681,1,true,
681,451,72,true,
681,871,2,true,
681,331,3,true,
681,9671,1,true,
681,3761,3,true,
691,671,126,true,
691,451,1,true,
691,791,4,true,
691,751,16,true,
691,761,4,true,
691,41,6,true,
691,571,4,true,
691,71,24,true,
691,91,33,true,
691,981,1,true,
691,971,2,true,
691,491,4,true,
691,351,2,true,
691,341,2,true,
6871,61,53,true,
6871,671,4,true,
6871,81,5,true,
6871,571,1,true,
6871,351,1,true,
691,8381,1,true,
6871,651,1,true,
6871,331,1,true,
6871,451,1,true,
6881,751,1,true,
6881,571,1,true,
6881,7951,1,true,
651,6881,1,true,
6881,31,3,true,
6881,361,1,true,
6881,71,1,true,
6881,671,1,true,
6881,371,1,true,
6881,641,1,true,
691,871,2,true,
791,681,271,true,
6861,91,1,true,
6861,481,1,true,
6861,671,2,true,
6861,341,1,true,
651,6891,2,true,
6891,651,1,true,
6831,651,1,true,
681,931,1,true,
61,6851,1,true,
6851,61,1,true,
1,6831,1,true,
691,891,1,true,
691,331,1,true,
651,691,150,true,
691,3391,1,true,
691,3761,1,true,
381,6881,2,true,
6881,3791,1,true,
6881,3761,1,true,
891,681,205,true,
481,651,461,true,
381,481,501,true,
481,3371,4,true,
481,961,4,true,
791,481,877,true,
651,481,466,true,
4691,381,1,true,
3351,4691,1,true,
4691,891,4,true,
4691,71,1,true,
4691,451,1,true,
4691,31,7,true,
4691,351,1,true,
81,4691,1,true,
4741,961,2,true,
481,8481,2,true,
4741,491,1,true,
1,4741,4,true,
1,4651,13,true,
4741,1,1,true,
4741,341,1,true,
4741,41,3,true,
4741,351,2,true,
371,4761,1,true,
4761,371,3,true,
6661,481,1,true,
341,4841,1,true,
4841,91,1,true,
1,4841,8,true,
3971,4841,1,true,
4661,1,5,true,
1,46661,1,true,
481,3761,1,true,
4851,491,1,true,
461,331,2,true,
461,51,2,true,
461,71,2,true,
491,461,2,true,
461,491,1,true,
461,81,3,true,
461,91,3,true,
351,461,1,true,
481,4981,1,true,
3351,461,1,true,
461,891,1,true,
51,461,3,true,
381,461,1,true,
3581,461,1,true,
8481,461,1,true,
651,461,2,true,
461,651,1,true,
3761,461,1,true,
671,461,1,true,
461,671,1,true,
461,971,1,true,
461,61,3,true,
451,461,2,true,
461,451,1,true,
371,461,1,true,
81,461,1,true,
4771,1,1,true,
481,3391,3,true,
4761,91,3,true,
481,6591,1,true,
4761,791,1,true,
4761,61,2,true,
4761,381,2,true,
4761,331,4,true,
471,331,1,true,
471,761,1,true,
481,8771,2,true,
4681,4431,1,true,
4681,81,2,true,
4651,81,4,true,
4651,331,1,true,
4651,1,16,true,
3371,3391,1,true,
4461,41,2,true,
481,361,1,true,
491,4761,1,true,
4761,4931,1,true,
481,9671,1,true,
481,8641,1,true,
6471,471,1,true,
9691,471,2,true,
6931,471,1,true,
91,471,2,true,
381,471,1,true,
9861,471,1,true,
3761,471,1,true,
841,471,1,true,
5881,471,1,true,
7371,471,1,true,
371,471,1,true,
81,471,7,true,
6881,471,2,true,
6451,471,2,true,
3881,471,1,true,
631,471,1,true,
61,471,3,true,
791,471,1,true,
971,471,1,true,
871,471,1,true,
961,471,1,true,
661,471,1,true,
4981,471,1,true,
651,471,2,true,
891,471,1,true,
671,471,2,true,
51,471,1,true,
471,5561,1,true,
341,471,1,true,
471,9971,1,true,
1,4671,1,true,
4671,1,1,true,
4671,41,1,true,
4671,571,1,true,
81,8571,1,true,
8571,81,1,true,
31,4751,1,true,
471,3971,2,true,
461,31,2,true,
981,461,1,true,
481,9591,1,true,
3331,4661,1,true,
4661,31,1,true,
31,4651,1,true,
481,3971,1,true,
4691,971,1,true,
7351,91,1,true,
1,7351,4,true,
3971,7351,1,true,
471,6931,1,true,
471,561,1,true,
4741,31,1,true,
4651,41,1,true,
4651,491,1,true,
4651,91,1,true,
44951,481,1,true,
3971,471,1,true,
3351,471,1,true,
491,4931,4,true,
4931,491,4,true,
551,471,1,true,
471,631,1,true,
4761,71,1,true,
4761,561,2,true,
3671,4761,1,true,
4761,671,2,true,
4761,51,2,true,
541,5381,1,true,
451,471,1,true,
351,471,1,true,
471,3581,1,true,
471,43841,1,true,
471,71,1,true,
4681,671,1,true,
4681,491,2,true,
4681,371,1,true,
4681,561,1,true,
4681,4481,1,true,
4851,1,1,true,
1,4751,1,true,
91,9641,1,true,
3971,4751,1,true,
71,4651,1,true,
5651,481,1,true,
4761,661,1,true,
661,4761,1,true,
4691,51,1,true,
381,571,246,true,
381,791,192,true,
791,381,344,true,
651,6961,1,true,
381,961,3,true,
391,6881,1,true,
391,671,7,true,
391,91,11,true,
391,761,8,true,
391,481,12,true,
391,631,1,true,
391,351,3,true,
391,31,10,true,
391,51,4,true,
391,81,10,true,
391,491,5,true,
391,61,4,true,
391,791,2,true,
391,67461,1,true,
391,6871,1,true,
391,871,1,true,
391,96981,2,true,
391,651,3,true,
391,451,6,true,
391,751,1,true,
391,891,5,true,
891,391,52,true,
391,71,3,true,
381,8771,2,true,
8771,3881,1,true,
3881,1,1,true,
381,3391,3,true,
381,8381,1,true,
381,3761,2,true,
381,931,1,true,
391,571,5,true,
391,6931,2,true,
391,4561,1,true,
391,4761,1,true,
391,7351,1,true,
391,691,2,true,
391,4691,2,true,
391,971,2,true,
391,941,3,true,
381,6581,15,true,
391,4471,1,true,
391,4441,1,true,
391,771,1,true,
381,6591,1,true,
391,4931,1,true,
391,3351,2,true,
391,951,1,true,
391,4991,1,true,
391,9571,2,true,
391,3391,1,true,
391,4771,1,true,
391,561,1,true,
391,3761,2,true,
391,3581,1,true,
4671,381,2,true,
6881,381,6,true,
841,381,6,true,
6581,381,3,true,
9441,381,1,true,
961,381,4,true,
3331,381,1,true,
3371,381,2,true,
6971,381,1,true,
4651,381,1,true,
741,381,2,true,
67961,381,1,true,
471,381,2,true,
4351,381,1,true,
8771,381,1,true,
7391,381,1,true,
5971,381,1,true,
6871,381,2,true,
7951,381,1,true,
3451,381,1,true,
4741,381,1,true,
3441,381,1,true,
4851,381,1,true,
381,331,7,true,
331,381,8,true,
6591,381,2,true,
641,381,1,true,
6791,381,1,true,
6851,381,3,true,
381,6851,1,true,
6471,381,2,true,
6771,381,1,true,
6571,381,3,true,
6481,381,1,true,
3481,381,1,true,
6461,381,1,true,
4681,381,1,true,
7351,381,1,true,
591,381,1,true,
381,851,3,true,
6961,381,1,true,
4751,381,1,true,
6451,381,1,true,
3971,381,1,true,
6691,381,1,true,
6831,381,1,true,
381,3581,1,true,
381,4761,1,true,
3351,381,1,true,
381,9671,1,true,
3791,691,1,true,
381,3371,1,true,
791,941,120,true,
791,6931,154,true,
81,6661,1,true,
331,791,1,true,
7931,71,1,true,
791,4851,1,true,
791,851,4,true,
7961,371,1,true,
8481,791,1,true,
74861,761,1,true,
74861,781,1,true,
74861,891,2,true,
791,9381,1,true,
791,3391,1,true,
791,9671,3,true,
791,931,2,true,
791,8481,1,true,
3761,791,1,true,
791,75541,1,true,
791,331,2,true,
791,7481,1,true,
791,9391,1,true,
4691,481,2,true,
651,791,177,true,
791,6571,1,true,
791,361,1,true,
7951,71,1,true,
891,651,276,true,
891,961,1,true,
891,9971,45,true,
891,781,40,true,
891,3761,3,true,
891,3351,3,true,
97771,891,1,true,
891,841,1,true,
891,9691,2,true,
891,871,2,true,
891,951,4,true,
891,3391,1,true,
4681,891,1,true,
891,8381,1,true,
8931,761,3,true,
891,3371,2,true,
3371,891,1,true,
891,7391,1,true,
4761,891,1,true,
851,891,1,true,
891,851,1,true,
651,6631,1,true,
891,8871,1,true,
8871,891,1,true,
3971,891,1,true,
891,9671,4,true,
651,361,1,true,
651,971,20,true,
651,4691,2,true,
651,9491,1,true,
651,9971,12,true,
651,3391,4,true,
41,6581,1,true,
651,961,2,true,
651,3761,1,true,
3761,391,1,true,
651,3371,2,true,
381,6541,1,true,
891,6541,1,true,
3861,6541,1,true,
481,6541,1,true,
671,6541,1,true,
351,6541,1,true,
6931,6541,1,true,
3391,6541,1,true,
31,6541,1,true,
561,6541,1,true,
6541,51,1,true,
6541,791,1,true,
491,6541,1,true,
6541,1,1,true,
6591,341,1,true,
6591,81,1,true,
651,8741,1,true,
6571,331,1,true,
6961,6931,1,true,
651,931,1,true,
651,9671,1,true,
651,331,3,true,
651,3351,1,true,
6571,81,1,true,
